,Rater_LLM,Rater_A,Rater_D,Rater_P
Rater_LLM,1.0,0.6504318808167435,0.7359832432169127,0.7066691678336983
Rater_A,0.6504318808167435,1.0,0.6836214341823736,0.6599682856283707
Rater_D,0.7359832432169127,0.6836214341823736,1.0,0.7902977230666056
Rater_P,0.7066691678336983,0.6599682856283707,0.7902977230666056,1.0
