scale,inter_item_r_overall,alpha_overall,inter_item_r_between,alpha_between,inter_item_r_within,alpha_within
Valence (well & satisfied),0.793267960653866,0.8847177087406642,0.9089400623046145,0.9522981682382153,0.6386723586720383,0.7794997642965201
Calmness / tense-arousal (relaxed & low restless),0.7559131591895144,0.8609915077331329,0.8969230255864166,0.945660960922904,0.581385660941803,0.7352863697974288
